{
  "usingComponents": {
    "i-progress": "../../dist/progress/index",
    "i-radio-group": "../../dist/radio-group/index",
    "i-radio": "../../dist/radio/index",
    "i-checkbox-group": "../../dist/checkbox-group/index",
    "i-checkbox": "../../dist/checkbox/index",
    "i-divider": "../../dist/divider/index",
    "i-icon": "../../dist/icon/index",
    "i-action-sheet": "../../dist/action-sheet/index",
    "i-row": "../../dist/row/index",
    "i-col": "../../dist/col/index",
    "i-modal": "../../dist/modal/index",
    "i-tag": "../../dist/tag/index",
    "i-button": "../../dist/button/index"
  }
}